{"stats":{"minecraft:picked_up":{"minecraft:dirt":3},"minecraft:custom":{"minecraft:jump":27,"minecraft:time_since_rest":27456,"minecraft:sprint_one_cm":85,"minecraft:leave_game":2,"minecraft:play_time":27456,"minecraft:damage_taken":10,"minecraft:time_since_death":27456,"minecraft:walk_one_cm":5242,"minecraft:sneak_time":450,"minecraft:total_world_time":28818,"minecraft:fall_one_cm":898,"minecraft:fly_one_cm":30454},"minecraft:used":{"minecraft:dirt":1},"minecraft:mined":{"minecraft:grass_block":1,"minecraft:dirt":2}},"DataVersion":3465}