{"stats":{"minecraft:used":{"minecraft:bread":6,"minecraft:stone_pickaxe":18,"minecraft:stone_axe":1,"minecraft:dirt":2,"minecraft:crafting_table":1,"minecraft:yellow_bed":1},"minecraft:crafted":{"minecraft:oak_planks":4,"minecraft:crafting_table":1,"minecraft:bread":27,"minecraft:wheat":81},"minecraft:mined":{"minecraft:hay_block":9,"minecraft:white_bed":1,"minecraft:furnace":1,"minecraft:red_bed":1,"minecraft:yellow_bed":2,"minecraft:crafting_table":1,"minecraft:grass_block":6,"minecraft:oak_stairs":2,"minecraft:dirt":11,"minecraft:stripped_oak_log":1,"minecraft:tall_grass":1,"minecraft:stone":8},"minecraft:custom":{"minecraft:time_since_rest":8362,"minecraft:interact_with_furnace":1,"minecraft:sprint_one_cm":59099,"minecraft:damage_taken":251,"minecraft:walk_one_cm":95751,"minecraft:mob_kills":1,"minecraft:damage_dealt":172,"minecraft:interact_with_crafting_table":2,"minecraft:fly_one_cm":103066,"minecraft:open_chest":8,"minecraft:crouch_one_cm":62,"minecraft:play_time":104955,"tombstone:undead_killed":1,"minecraft:sneak_time":532,"minecraft:jump":446,"minecraft:eat_cake_slice":2,"minecraft:leave_game":5,"minecraft:time_since_death":104955,"minecraft:sleep_in_bed":1,"minecraft:climb_one_cm":8000,"minecraft:total_world_time":106317,"minecraft:fall_one_cm":10476},"minecraft:picked_up":{"minecraft:stripped_oak_log":1,"minecraft:crafting_table":1,"minecraft:oak_stairs":2,"minecraft:yellow_bed":2,"minecraft:white_bed":1,"minecraft:dirt":17,"minecraft:red_bed":1,"minecraft:bone":1,"minecraft:hay_block":9,"minecraft:cobblestone":8,"minecraft:furnace":1,"minecraft:egg":2},"minecraft:killed":{"born_in_chaos_v1:baby_skeleton":1}},"DataVersion":3465}