{"stats":{"minecraft:killed":{"born_in_chaos_v1:baby_skeleton":1},"minecraft:used":{"minecraft:dirt":1},"minecraft:picked_up":{"minecraft:bone":1,"minecraft:dirt":8},"minecraft:mined":{"minecraft:tall_grass":1,"minecraft:grass_block":3,"minecraft:dirt":5},"minecraft:custom":{"minecraft:jump":137,"minecraft:open_chest":1,"minecraft:time_since_rest":85369,"tombstone:undead_killed":1,"minecraft:damage_dealt":172,"minecraft:leave_game":4,"minecraft:play_time":85369,"minecraft:sprint_one_cm":13072,"minecraft:damage_taken":100,"minecraft:time_since_death":85369,"minecraft:walk_one_cm":22689,"minecraft:sneak_time":450,"minecraft:total_world_time":86731,"minecraft:mob_kills":1,"minecraft:fall_one_cm":5065,"minecraft:fly_one_cm":52928}},"DataVersion":3465}