{"stats":{"minecraft:used":{"minecraft:dirt":1},"minecraft:picked_up":{"minecraft:dirt":8},"minecraft:mined":{"minecraft:grass_block":3,"minecraft:dirt":5},"minecraft:custom":{"minecraft:jump":67,"minecraft:time_since_rest":74897,"minecraft:leave_game":3,"minecraft:play_time":74897,"minecraft:sprint_one_cm":4070,"minecraft:damage_taken":40,"minecraft:time_since_death":74897,"minecraft:walk_one_cm":10352,"minecraft:sneak_time":450,"minecraft:total_world_time":76259,"minecraft:fall_one_cm":2477,"minecraft:fly_one_cm":38209}},"DataVersion":3465}