{
  "morevillagers:root": {
    "criteria": {
      "always": "2024-07-26 06:23:26 +0000"
    },
    "done": true
  },
  "minecraft:recipes/decorations/crafting_table": {
    "criteria": {
      "unlock_right_away": "2024-07-26 06:23:26 +0000"
    },
    "done": true
  },
  "mowziesmobs:root": {
    "criteria": {
      "custom_test_name": "2024-07-26 06:23:26 +0000"
    },
    "done": true
  },
  "irons_spellbooks:grant_patchouli": {
    "criteria": {
      "tick": "2024-07-26 06:23:26 +0000"
    },
    "done": true
  },
  "dungeons_arise:wda_root": {
    "criteria": {
      "WDA": "2024-07-26 06:23:26 +0000"
    },
    "done": true
  },
  "realmrpg_quests:root": {
    "criteria": {
      "root_0": "2024-07-26 06:23:26 +0000"
    },
    "done": true
  },
  "born_in_chaos_v1:bornin_chaos": {
    "criteria": {
      "bornin_chaos_0": "2024-07-26 06:23:26 +0000"
    },
    "done": true
  },
  "cataclysm:root": {
    "criteria": {
      "custom_test_name": "2024-07-26 06:23:26 +0000"
    },
    "done": true
  },
  "tombstone:adventure/root": {
    "criteria": {
      "auto": "2024-07-26 06:23:27 +0000"
    },
    "done": true
  },
  "corail_recycler:tutorial/root": {
    "criteria": {
      "auto": "2024-07-26 06:23:27 +0000"
    },
    "done": true
  },
  "minecraft:adventure/adventuring_time": {
    "criteria": {
      "minecraft:birch_forest": "2024-07-26 07:27:12 +0000",
      "minecraft:dark_forest": "2024-07-26 16:49:54 +0000",
      "minecraft:dripstone_caves": "2024-07-26 07:24:21 +0000",
      "minecraft:grove": "2024-07-26 06:23:27 +0000",
      "minecraft:jagged_peaks": "2024-07-26 07:24:20 +0000",
      "minecraft:forest": "2024-07-26 07:27:16 +0000",
      "minecraft:old_growth_birch_forest": "2024-07-26 07:27:14 +0000",
      "minecraft:meadow": "2024-07-26 07:26:30 +0000"
    },
    "done": false
  },
  "endofherobrine:story/root": {
    "criteria": {
      "requirement": "2024-07-26 15:53:20 +0000"
    },
    "done": true
  },
  "solcarrot:recipes/food_book": {
    "criteria": {
      "has_book": "2024-07-26 15:53:21 +0000",
      "has_carrot": "2024-07-26 15:53:21 +0000"
    },
    "done": true
  },
  "ironchest:recipes/decorations/chests/vanilla_dirt_chest": {
    "criteria": {
      "has_iron_ingot": "2024-07-26 15:53:21 +0000"
    },
    "done": true
  },
  "ironfurnaces:coal": {
    "criteria": {
      "rainbowcoal": "2024-07-26 15:53:21 +0000"
    },
    "done": true
  },
  "dungeons_arise:find_wishing_well": {
    "criteria": {
      "location0": "2024-07-26 16:49:49 +0000"
    },
    "done": true
  },
  "dungeons_arise:find_mushroom_house": {
    "criteria": {
      "location0": "2024-07-26 16:50:39 +0000"
    },
    "done": true
  },
  "DataVersion": 3465
}